{
"HBA_Aluminum" : [87,87,86],
"HBA_Aluminum (recycled)" : [121, 135, 118],
"HBA_Asphalt (Road and Pavement)" : [97, 57, 31],
"HBA_Asphalt and Bitumen(road paving)" : [153, 92, 55],
"HBA_Bitumen" : [158, 126, 65],
"HBA_Brass" : [172, 171, 160],
"HBA_Brick" : [200, 130, 63],
"HBA_Carpet" : [213, 199, 133],
"HBA_Ceramic Tiles 100x100mm" : [177, 182, 221],
"HBA_Ceramic Tiles 150x600mm" : [178, 141, 192],
"HBA_Ceramic Tiles 300x300mm" : [146, 101, 168],
"HBA_Concrete (autoclaved aerated)" : [232, 70, 16],
"HBA_Concrete (Reinforced)" : [229, 70, 17],
"HBA_Concrete - Bedding Material" : [242, 147, 129],
"HBA_Concrete - Cast In Situ" : [245, 156, 0],
"HBA_Concrete - Screed" : [177, 98, 73],
"HBA_Concrete Blockwork" : [243, 151, 119],
"HBA_Concrete Precast" : [253, 210, 140],
"HBA_Copper" : [193, 199, 200],
"HBA_Fiber Cement" : [240, 241, 196],
"HBA_Glass" : [127, 101, 125],
"HBA_Gravel" : [223, 242, 253],
"HBA_Gypsum Plasterboard (SoundBloc)" : [132, 72, 89],
"HBA_Gypsum Plasterboard (Tilebacker)" : [195, 82, 141],
"HBA_Gypsum Plasterboard (Wallboard)" : [198, 135, 172],
"HBA_Insulation - Mineral Wool" : [208, 210, 62],
"HBA_Insulation - Polystyrene, Expanded Insulation" : [132, 143, 96],
"HBA_Insulation - Polyurethane" : [92, 103, 21],
"HBA_Insulation - Rock Wool" : [172, 163, 78],
"HBA_Marble" : [242, 213, 209],
"HBA_Plaster" : [117, 99, 112],
"HBA_PVC" : [180, 66, 110],
"HBA_Sand" : [251, 204, 161],
"HBA_Slate" : [117, 115, 125],
"HBA_Soil" : [136, 96, 60],
"HBA_Steel" : [175, 185, 182],
"HBA_Steel Stainless" : [141, 133, 124],
"HBA_Stone" : [136, 205, 211],
"HBA_Stone Granite" : [0, 167, 166],
"HBA_Stone Limestone" : [192, 211, 200],
"HBA_Stone Sandstone" : [39, 111, 122],
"HBA_Vinyl Flooring" : [176, 72, 60],
"HBA_Wood - CLT" : [190, 159, 158],
"HBA_Wood - Hardboard" : [113, 95, 94],
"HBA_Wood - Laminated Veneer" : [145, 117, 63],
"HBA_Wood - MDF" : [206, 165, 111],
"HBA_Wood - OSB" : [136, 119, 98],
"HBA_Wood - Plywood" : [130, 118, 91],
"HBA_Wood - Softwood" : [120, 100, 99],
"HBA_Zinc" : [56, 66, 74],
"Existing" : [240, 240, 240]
}